epoch,phase,loss,acc
1,train,0.48197,46.878
1,val,55.664,0.3721,53.023,68.267,41.916,29.959,66.17,50.737,17.16,9.386,17.16,9.386
2,train,0.43077,68.772
2,val,75.422,0.5722,57.595,71.701,54.309,42.064,79.132,68.172,30.215,17.902,30.215,17.902
3,train,0.41186,74.904
3,val,80.834,0.6623,58.122,77.979,60.154,47.999,84.028,73.942,34.852,21.106,34.852,21.106
4,train,0.40391,77.387
4,val,79.158,0.6354,58.458,78.214,59.121,46.643,82.673,72.202,34.898,21.194,34.898,21.194
5,train,0.39033,79.771
5,val,81.128,0.6667,59.381,79.192,61.209,48.852,84.284,74.327,36.912,22.678,36.912,22.678
6,train,0.38342,80.336
6,val,81.217,0.6477,59.008,70.629,58.501,46.149,82.609,72.693,34.611,20.93,34.611,20.93
7,train,0.37613,81.539
7,val,83.135,0.6938,60.857,79.37,63.341,50.838,85.382,75.98,40.358,25.309,40.358,25.309
8,train,0.37365,81.599
8,val,83.604,0.6851,61.292,70.551,61.781,49.23,84.454,74.925,38.789,24.067,38.789,24.067
9,train,0.36639,82.584
9,val,83.224,0.6983,60.236,79.891,63.479,51.088,85.593,76.146,39.984,24.993,39.984,24.993
10,train,0.36966,82.623
10,val,83.288,0.6963,61.308,79.693,63.633,51.122,85.528,76.217,40.849,25.71,40.849,25.71
11,train,0.3765,81.685
11,val,82.169,0.6717,60.533,75.829,62.1,49.357,84.041,74.283,39.927,25.051,39.927,25.051
12,train,0.36975,82.282
12,val,85.135,0.7247,62.498,79.132,66.081,53.49,86.643,77.721,44.491,28.621,44.491,28.621
13,train,0.36752,82.429
13,val,81.291,0.6648,60.475,79.082,61.869,49.186,83.987,74.106,39.283,24.575,39.283,24.575
14,train,0.35776,83.22
14,val,83.677,0.7058,60.55,78.127,64.327,51.856,85.746,76.27,41.344,26.087,41.344,26.087
15,train,0.36044,83.214
15,val,83.881,0.7083,62.304,79.842,65.283,52.71,86.074,76.835,43.291,27.736,43.291,27.736
16,train,0.35515,83.665
16,val,84.04,0.7125,61.525,81.602,65.163,52.671,86.256,77.083,42.715,27.183,42.715,27.183
17,train,0.35339,83.856
17,val,86.145,0.7405,64.256,80.215,67.909,55.235,87.332,78.758,47.682,31.322,47.682,31.322
18,train,0.34716,84.375
18,val,85.579,0.7333,63.741,80.503,67.5,54.827,87.046,78.269,46.97,30.747,46.97,30.747
19,train,0.34394,84.463
19,val,84.841,0.7103,62.678,75.7,64.538,51.81,85.682,76.645,43.153,27.521,43.153,27.521
20,train,0.33952,84.89
20,val,85.37,0.7321,63.054,80.604,67.161,54.581,86.997,78.114,45.99,29.893,45.99,29.893
21,train,0.34142,84.47
21,val,86.644,0.7463,64.945,79.396,68.126,55.471,87.546,79.156,48.076,31.645,48.076,31.645
22,train,0.33377,85.395
22,val,86.59,0.7498,65.044,81.83,68.97,56.355,87.828,79.447,49.18,32.639,49.18,32.639
23,train,0.33328,85.43
23,val,86.51,0.7454,65.426,80.402,68.785,56.044,87.522,79.051,49.408,32.851,49.408,32.851
24,train,0.3401,85.095
24,val,87.545,0.7644,66.363,81.327,70.507,57.884,88.392,80.246,51.762,34.921,51.762,34.921
25,train,0.33073,85.338
25,val,87.292,0.7603,66.378,81.324,70.24,57.601,88.239,80.034,51.398,34.614,51.398,34.614
26,train,0.33237,85.656
26,val,87.327,0.76,66.364,80.998,70.133,57.473,88.198,80.0,51.316,34.529,51.316,34.529
27,train,0.33051,85.528
27,val,87.393,0.7577,66.448,78.841,69.561,56.873,88.005,79.776,50.498,33.78,50.498,33.78
28,train,0.32686,85.85
28,val,83.549,0.6694,59.602,60.25,57.986,46.138,83.407,73.565,31.938,19.004,31.938,19.004
29,train,0.3307,85.481
29,val,87.284,0.7588,66.359,80.841,69.985,57.314,88.137,79.926,51.117,34.349,51.117,34.349
30,train,0.3282,85.693
30,val,84.163,0.6835,60.895,63.022,59.897,47.757,84.136,74.515,35.077,21.269,35.077,21.269
31,train,0.33782,85.036
31,val,86.197,0.7459,64.272,82.087,68.419,55.897,87.716,79.248,47.934,31.568,47.934,31.568
32,train,0.33485,85.161
32,val,86.378,0.7463,64.604,82.069,68.864,56.153,87.593,79.055,49.245,32.679,49.245,32.679
33,train,0.33239,85.368
33,val,83.854,0.6861,61.873,68.382,61.361,48.917,84.404,75.03,38.175,23.612,38.175,23.612
34,train,0.32827,85.573
34,val,84.939,0.7227,63.207,82.276,66.784,53.989,86.542,77.668,46.469,30.323,46.469,30.323
